cpu_load,ram_usage,temperature,power_draw
41.84,39.49,43.52,265.41
90.81,83.28,59.24,411.7
72.22,65.63,54.16,349.46
60.89,51.98,50.97,312.2
23.26,20.91,37.37,206.12
23.26,25.08,36.9,200.19
14.94,15.0,34.83,189.3
83.62,77.39,59.02,384.34
61.09,57.41,51.46,314.97
70.19,59.74,53.54,344.21
11.75,15.0,31.86,162.09
92.44,83.02,60.57,404.27
80.76,69.26,58.07,381.16
28.05,31.15,36.59,213.55
25.46,20.58,37.46,204.77
25.59,23.67,36.37,212.52
35.86,33.7,40.59,246.64
54.6,48.82,49.03,301.0
46.72,41.02,44.64,278.1
34.75,34.67,40.23,233.65
62.01,51.4,47.66,310.34
21.86,22.06,36.77,207.09
34.83,33.23,41.16,236.5
41.14,39.46,45.64,256.76
48.77,46.15,44.61,285.49
76.74,63.02,55.19,365.25
26.97,21.98,37.81,216.71
53.71,51.8,49.16,305.8
60.36,54.28,48.98,310.27
13.95,15.0,33.3,180.34
61.64,58.97,50.49,318.12
24.49,24.94,36.85,208.35
15.53,20.96,32.77,187.51
90.66,77.73,60.02,406.38
92.08,84.85,61.84,411.43
78.71,73.24,54.01,372.77
35.89,32.97,40.76,239.05
18.3,22.56,33.36,183.73
68.16,61.46,53.65,332.45
47.41,47.04,42.31,264.08
20.37,18.4,34.29,204.47
52.09,48.73,46.8,283.73
12.92,18.51,34.87,172.51
87.29,69.56,58.45,392.26
32.0,27.05,38.37,230.31
66.31,51.93,54.03,336.77
36.5,33.39,38.6,245.79
54.21,50.52,43.67,290.7
56.47,54.68,48.42,301.49
25.71,25.79,36.25,211.53
92.41,83.82,58.81,406.92
75.89,61.57,55.62,368.33
89.86,71.78,59.82,403.96
86.06,73.68,57.27,393.28
60.82,54.81,47.37,317.3
88.36,75.59,60.23,403.39
17.52,15.0,35.11,187.52
26.66,26.06,37.18,206.75
13.84,15.0,35.62,178.57
37.65,37.13,39.57,241.96
43.04,40.53,40.77,258.25
33.06,28.63,38.53,234.78
80.44,67.81,56.09,379.47
40.32,34.08,42.48,254.25
33.88,31.92,39.5,236.15
56.13,52.77,48.17,309.76
21.98,19.63,33.82,199.65
78.19,69.06,57.53,380.7
16.34,16.48,33.59,185.37
93.89,77.73,62.54,405.34
75.64,65.19,54.99,363.06
26.89,23.41,38.1,216.25
10.47,15.0,32.52,172.02
79.31,64.86,56.43,373.66
70.08,66.96,53.49,342.29
71.97,62.68,55.18,342.97
75.56,63.35,54.74,357.89
16.29,18.68,34.77,178.75
40.47,37.04,42.03,251.43
19.85,20.22,37.11,197.07
83.36,73.53,56.16,389.85
62.98,57.66,52.74,324.69
38.13,33.91,41.28,241.42
15.4,15.59,31.24,180.97
36.43,33.32,40.94,248.47
37.64,28.21,40.15,242.42
72.02,58.07,54.47,348.21
64.19,60.45,49.49,324.56
85.41,78.27,57.23,383.84
50.14,44.36,42.71,284.99
20.17,22.86,34.38,193.05
70.63,62.43,49.08,344.39
74.67,73.97,51.76,350.51
57.71,54.53,49.34,304.07
75.53,65.04,55.61,362.91
51.97,43.71,46.83,287.07
54.43,43.73,45.6,303.85
46.34,42.68,44.15,269.83
12.16,15.0,32.25,171.3
19.17,16.07,32.97,194.83
12.67,15.0,34.69,165.73
64.09,53.03,51.75,316.54
36.72,39.44,40.52,235.45
53.23,50.23,46.67,298.69
87.14,74.69,58.81,390.65
31.19,34.39,35.85,238.05
44.88,41.14,43.34,264.52
74.22,61.79,52.95,355.22
29.45,33.13,36.8,228.57
16.54,19.85,33.37,193.04
34.63,29.59,42.82,248.68
23.7,23.39,37.26,211.04
89.02,73.59,58.3,403.54
78.69,63.8,56.4,371.5
63.84,58.85,52.44,328.86
84.07,77.99,58.81,382.06
78.31,63.45,55.5,362.93
25.86,27.38,36.08,210.43
85.87,71.74,59.1,389.13
55.84,48.21,48.14,298.17
78.63,66.13,56.86,372.08
86.17,71.34,59.11,395.6
37.03,34.77,42.53,245.39
19.35,17.99,33.97,198.57
29.37,29.31,40.26,216.67
46.3,41.89,44.5,270.93
79.53,67.91,58.95,368.58
83.16,68.81,56.07,371.56
10.59,15.0,34.31,166.4
53.41,50.0,46.99,292.44
45.48,42.89,42.94,276.38
28.88,25.17,37.38,222.71
20.19,21.45,34.59,188.7
38.7,38.21,42.18,258.71
90.15,72.11,60.34,408.69
37.47,36.61,40.25,247.96
54.1,46.29,46.9,293.79
69.76,62.52,55.63,338.34
40.91,35.44,44.91,255.14
92.6,73.67,61.07,415.26
91.81,73.56,60.19,416.58
31.4,30.27,39.17,235.23
52.27,47.59,47.21,287.51
35.57,30.75,38.92,233.47
34.21,34.28,39.59,236.29
13.14,15.0,30.09,162.98
61.81,54.25,50.23,319.81
52.73,43.55,47.43,290.61
14.38,15.0,32.31,174.08
33.68,32.09,42.15,227.42
87.2,72.18,56.68,395.08
30.36,28.14,36.43,220.57
22.32,25.87,36.15,194.71
51.6,44.55,47.63,273.94
93.78,82.53,63.35,414.12
30.57,26.07,38.01,233.48
67.13,60.29,53.11,342.83
74.74,69.11,54.1,354.03
30.2,21.74,38.31,220.7
71.9,60.13,54.49,350.9
41.26,39.74,43.42,252.25
63.75,55.39,47.95,323.97
63.85,57.19,52.56,328.89
55.54,47.62,49.51,306.4
17.67,19.4,33.25,185.61
81.0,69.33,56.94,374.26
37.27,38.32,41.78,240.85
25.85,26.45,37.44,206.98
13.47,16.79,31.89,172.52
60.23,51.95,48.07,314.51
67.59,57.61,51.62,339.64
11.41,15.0,33.75,164.81
53.53,49.01,47.55,301.12
29.25,27.14,37.68,219.39
64.84,57.74,51.85,327.37
24.82,31.08,32.41,201.97
68.73,62.6,53.78,327.21
42.87,38.32,40.4,264.66
89.62,80.3,58.82,404.04
21.69,21.13,33.91,196.28
38.99,30.08,39.7,249.36
19.65,17.69,36.62,195.89
88.6,70.27,58.31,389.42
84.57,71.6,58.12,383.22
31.93,30.6,39.1,232.91
66.1,62.91,51.85,324.73
79.46,69.55,55.93,371.93
57.19,50.1,46.09,296.4
55.02,51.5,48.75,300.76
30.56,22.81,37.95,224.36
17.91,20.04,31.93,178.05
86.26,76.32,57.55,396.14
86.54,69.79,60.54,388.9
63.81,59.48,51.61,320.43
38.82,37.07,41.06,250.22
39.68,35.5,41.37,257.54
71.71,64.26,52.61,342.01
86.25,80.82,61.3,392.47
85.4,73.87,58.46,390.5
76.29,66.78,55.35,364.75
64.57,55.28,52.15,327.76
17.15,16.17,34.36,183.37
23.74,26.48,35.92,200.29
86.38,71.53,57.94,391.26
61.55,54.45,49.43,311.69
10.78,15.0,31.72,151.44
18.63,21.34,35.61,192.14
66.4,59.12,51.32,336.09
10.43,16.46,32.75,153.76
23.67,22.4,36.16,199.31
56.64,49.5,47.94,305.67
68.81,57.11,49.09,347.5
65.42,56.0,52.27,329.41
29.06,29.38,38.69,217.08
70.54,63.7,54.18,343.68
30.17,26.37,34.21,228.45
37.66,37.74,44.31,244.37
73.45,67.83,53.5,348.42
65.22,58.42,52.49,326.44
82.18,76.38,55.2,372.95
65.9,55.4,51.98,331.12
58.31,47.91,46.83,314.79
17.96,15.0,33.35,188.59
41.26,42.49,45.31,256.91
32.54,33.0,39.1,229.21
30.74,29.42,39.08,217.8
92.71,80.0,61.75,414.87
43.41,36.35,43.94,263.14
85.82,81.0,58.26,388.54
63.65,56.31,50.82,339.59
77.56,67.38,58.75,368.03
52.72,49.36,46.37,287.05
59.04,53.67,48.96,307.65
51.86,47.16,47.73,294.83
26.6,23.91,38.97,214.52
71.41,63.54,54.77,340.14
33.87,37.74,40.81,239.83
12.07,18.69,30.51,165.7
64.87,61.67,53.15,337.57
25.05,23.51,35.05,213.08
89.94,73.98,59.93,399.56
91.08,77.49,58.75,410.81
87.76,75.38,58.62,395.39
41.46,41.45,43.01,261.86
11.31,15.0,32.44,170.32
88.91,80.71,59.75,394.58
46.4,41.64,46.66,270.02
92.17,77.45,60.94,413.68
91.91,75.49,59.8,405.57
82.51,66.04,58.32,378.16
35.03,35.49,42.04,234.33
42.73,39.41,41.12,262.33
82.35,67.01,57.72,389.74
36.94,30.67,41.98,239.08
24.41,23.52,36.1,206.51
57.33,55.87,50.13,312.64
89.57,75.88,59.13,399.97
69.16,55.82,52.4,342.11
58.46,51.03,48.2,302.46
18.26,18.79,34.41,190.48
62.28,46.73,48.15,317.51
94.15,80.16,58.79,417.96
21.91,21.83,38.06,206.31
54.06,50.34,45.65,307.14
84.58,78.21,56.11,387.77
72.97,66.75,50.31,351.09
69.25,59.59,51.28,340.5
69.71,57.45,50.41,338.63
40.56,45.17,44.66,257.58
34.96,33.14,41.75,237.27
78.8,68.08,54.55,368.74
78.86,68.02,58.98,376.88
83.7,72.56,58.77,378.71
87.63,74.67,58.18,400.14
53.46,46.05,42.96,297.77
52.63,45.46,49.86,291.7
77.86,67.19,53.16,353.97
65.25,55.57,48.37,323.84
69.67,58.6,53.92,348.51
77.64,67.43,58.83,366.7
85.65,72.76,60.05,384.85
38.73,40.5,42.4,247.12
41.92,30.59,43.57,263.37
17.99,22.67,35.58,190.89
59.15,56.06,49.84,309.36
13.06,15.0,32.99,171.22
49.58,43.63,45.51,279.61
56.12,48.79,47.55,296.31
34.36,28.26,38.89,243.72
60.22,50.84,48.66,311.33
12.59,15.0,29.87,176.28
13.17,20.8,32.46,180.73
79.92,71.74,54.49,376.02
40.62,41.31,40.56,251.85
20.8,23.81,35.55,198.03
54.39,45.13,49.12,296.74
75.45,63.79,55.78,354.63
28.34,29.14,35.56,218.77
62.95,51.69,48.55,314.63
17.25,20.94,35.45,191.98
14.39,15.79,31.56,173.76
55.17,48.01,46.97,298.95
55.95,51.9,48.41,302.29
64.18,57.68,49.01,322.92
71.72,61.29,53.26,350.37
92.95,82.84,58.53,407.14
53.89,44.87,45.96,298.21
37.45,36.81,41.59,238.93
77.59,68.85,52.77,364.27
33.02,30.49,40.22,242.26
47.31,43.83,44.53,269.74
16.67,15.0,34.66,180.62
12.15,17.5,32.59,172.9
91.83,77.91,62.19,409.1
81.06,68.28,56.56,377.0
69.16,63.47,51.56,341.87
44.76,38.7,43.85,270.43
24.73,20.56,37.47,213.53
23.3,18.97,36.23,205.39
31.27,31.83,39.01,225.85
56.68,46.51,46.79,305.47
70.74,66.86,51.76,353.46
66.12,51.65,49.04,328.98
33.79,37.12,42.45,230.98
91.16,78.56,58.04,409.81
72.72,62.89,52.41,349.22
57.12,49.06,46.91,292.53
62.0,55.79,51.04,323.35
45.67,41.42,43.54,266.96
31.06,33.16,40.74,226.88
40.26,37.55,41.08,254.92
74.42,64.98,54.46,356.55
11.22,15.0,30.68,170.31
19.87,20.72,38.17,192.53
13.91,17.05,31.09,177.06
13.46,15.0,33.18,172.98
82.71,67.13,57.9,384.24
69.81,63.08,53.05,345.07
50.3,45.76,45.33,278.84
18.32,19.1,34.22,193.82
51.79,46.49,46.19,285.42
50.25,46.24,45.37,287.41
24.72,23.16,38.1,210.11
46.88,40.17,47.72,284.31
43.87,40.69,42.52,262.99
62.35,51.94,47.77,316.71
63.98,57.41,50.26,324.19
13.85,15.0,36.72,175.63
41.84,41.56,41.44,261.88
63.2,56.98,52.58,315.16
52.77,47.98,48.98,286.97
82.8,74.19,56.15,374.58
65.99,62.79,51.95,335.5
23.85,27.12,38.79,214.73
16.0,15.0,33.03,180.79
64.61,52.85,50.31,325.2
12.25,15.0,31.42,170.37
59.79,52.91,47.4,316.93
89.92,78.49,58.5,396.39
58.92,49.96,46.78,309.55
42.99,39.96,43.1,266.81
64.68,54.48,49.48,328.35
48.95,42.33,45.48,280.75
56.38,45.88,45.4,305.56
90.02,74.25,60.0,388.55
42.82,35.2,44.24,265.4
91.7,75.43,57.1,402.05
86.95,77.72,59.0,383.82
26.64,23.47,39.17,216.74
15.9,25.61,31.75,187.25
18.57,21.33,37.01,189.8
11.55,15.0,32.67,173.44
18.03,16.85,33.25,195.16
68.06,61.55,51.74,343.0
16.05,16.11,34.46,190.37
37.11,35.06,41.1,248.18
81.81,78.13,57.44,378.18
11.98,15.0,30.81,160.93
79.23,71.83,55.98,368.61
33.96,30.06,37.76,229.75
20.04,20.93,34.85,204.4
69.22,65.69,50.87,338.38
63.46,53.89,49.11,322.86
84.59,78.11,59.46,389.33
72.48,65.11,55.01,350.67
78.3,65.95,56.32,375.86
33.97,34.08,38.25,231.14
25.08,27.98,36.3,209.36
73.8,65.91,55.65,350.76
78.58,63.15,55.72,361.28
94.19,78.17,64.45,412.9
45.07,40.32,44.37,268.2
41.62,38.07,42.86,255.82
76.0,67.66,54.13,356.39
38.97,36.71,41.84,243.0
89.11,72.29,58.96,398.59
82.97,72.51,58.1,373.83
46.46,44.0,45.7,276.75
73.82,65.74,52.66,353.45
74.14,67.55,51.95,346.27
18.77,22.51,31.81,186.9
86.72,75.75,59.11,388.6
52.95,47.15,44.88,292.28
80.25,64.22,52.86,377.83
37.2,36.05,41.6,235.6
86.12,74.52,61.88,392.65
43.08,40.28,43.07,261.36
10.92,15.0,33.08,170.48
86.96,71.32,58.56,393.83
17.76,22.37,34.07,183.0
37.14,34.59,42.38,243.59
90.76,79.65,59.33,399.8
90.8,77.73,60.18,409.72
58.74,52.08,49.04,309.11
63.71,58.78,49.3,332.53
48.12,41.95,46.33,277.59
34.92,33.23,39.96,234.22
37.94,33.96,40.14,238.73
67.16,57.43,52.31,325.2
73.95,63.23,52.54,345.41
77.28,67.49,55.09,365.28
77.12,65.26,54.98,365.96
17.75,22.97,35.84,179.72
52.03,43.94,46.92,293.61
14.89,16.35,33.17,175.87
56.71,49.05,49.08,304.06
47.53,47.37,46.72,284.51
85.45,73.95,58.75,393.13
39.83,39.96,41.96,251.15
19.95,16.5,33.01,187.91
22.15,23.52,34.16,188.35
74.73,67.45,53.7,352.49
62.55,55.29,48.98,318.57
18.6,23.07,34.23,184.25
17.15,17.17,34.09,184.4
69.58,64.89,53.15,341.79
16.18,24.84,33.56,180.97
79.86,67.8,56.68,368.69
70.03,59.69,52.61,343.23
16.91,22.89,30.96,185.05
17.21,23.51,32.61,179.05
93.86,78.52,60.64,420.19
41.81,37.19,40.82,256.99
41.5,37.36,43.43,258.02
79.09,64.24,57.98,373.98
90.52,74.66,61.51,405.37
93.81,77.04,60.51,417.69
74.04,61.93,56.15,356.81
41.98,38.48,42.92,255.95
17.1,19.38,33.48,186.42
76.06,70.5,53.7,354.09
57.46,47.98,47.66,305.27
46.06,44.8,43.54,270.57
87.04,73.99,58.72,392.03
19.45,20.41,35.05,191.35
51.87,48.52,46.16,278.92
10.97,15.0,32.49,164.21
49.84,46.02,47.23,283.62
14.79,17.33,34.6,179.5
20.1,22.56,32.81,187.54
19.99,21.86,31.17,197.88
65.18,64.51,52.22,324.29
73.41,61.82,51.64,356.23
59.59,51.08,48.52,313.24
91.78,76.56,58.37,402.95
41.86,36.82,39.95,266.07
34.29,30.52,40.81,230.44
83.83,75.63,58.48,388.56
29.01,32.47,37.29,224.86
91.87,76.79,56.27,402.03
11.03,15.0,31.04,173.38
92.44,80.37,60.94,408.05
13.67,15.0,30.57,175.0
85.75,75.5,58.29,390.54
54.85,49.49,47.18,296.51
94.4,75.97,61.91,419.33
16.27,22.66,33.87,186.47
57.08,56.05,46.52,294.33
92.39,77.07,62.13,416.28
54.46,47.41,46.82,287.6
63.5,56.66,50.18,328.05
69.14,61.31,50.8,344.62
48.64,45.88,44.36,272.9
63.34,61.7,48.84,319.73
59.67,52.2,48.62,305.85
86.6,71.88,60.88,391.84
13.86,15.0,30.79,172.67
33.88,29.91,37.44,237.49
90.78,77.53,61.98,411.74
85.67,78.92,57.67,395.7
48.73,42.43,44.05,275.66
62.71,55.84,51.51,320.3
33.58,31.81,38.84,225.02
25.99,29.36,39.84,208.66
49.41,52.11,46.31,286.34
40.03,35.44,41.28,260.82
59.61,51.22,52.1,306.79
16.61,21.42,32.9,179.99
92.82,81.3,61.6,410.57
93.83,85.6,61.29,414.76
